<?xml version="1.0" encoding="UTF-8"?>
<package id="1" uuid="89d8aaaf-452d-4933-a03d-5e3110a00b71">
  <dateCreated id="2">2020-08-19 11:22:16</dateCreated>
  <name>Additional VisitTypes</name>
  <description>Additional visit types</description>
  <openmrsVersion>2.1.1 SNAPSHOT Build 3a42fe</openmrsVersion>
  <version>1</version>
  <groupUuid>0688cf98-5cf3-443c-8a41-243e10158c6f</groupUuid>
  <modules id="3">
    <entry>
      <string>calculation</string>
      <string>1.2</string>
    </entry>
    <entry>
      <string>legacyui</string>
      <string>1.3.3</string>
    </entry>
    <entry>
      <string>metadatasharing</string>
      <string>1.2.2</string>
    </entry>
    <entry>
      <string>bedmanagement</string>
      <string>5.11.0</string>
    </entry>
    <entry>
      <string>providermanagement</string>
      <string>2.5.0</string>
    </entry>
    <entry>
      <string>exti18n</string>
      <string>1.0.0</string>
    </entry>
    <entry>
      <string>bacteriology</string>
      <string>1.2.0</string>
    </entry>
    <entry>
      <string>htmlwidgets</string>
      <string>1.8.0</string>
    </entry>
    <entry>
      <string>reference-data</string>
      <string>0.93-SNAPSHOT</string>
    </entry>
    <entry>
      <string>operationtheater</string>
      <string>1.2.1</string>
    </entry>
    <entry>
      <string>addresshierarchy</string>
      <string>2.12.0</string>
    </entry>
    <entry>
      <string>reportingrest</string>
      <string>1.10.0</string>
    </entry>
    <entry>
      <string>uiframework</string>
      <string>3.8</string>
    </entry>
    <entry>
      <string>rulesengine</string>
      <string>0.91-SNAPSHOT</string>
    </entry>
    <entry>
      <string>idgen-webservices</string>
      <string>1.3-SNAPSHOT</string>
    </entry>
    <entry>
      <string>event</string>
      <string>2.5</string>
    </entry>
    <entry>
      <string>uicommons</string>
      <string>2.3.0</string>
    </entry>
    <entry>
      <string>reporting</string>
      <string>1.16.0</string>
    </entry>
    <entry>
      <string>emrapi</string>
      <string>1.24.5</string>
    </entry>
    <entry>
      <string>episodes</string>
      <string>1.0-SNAPSHOT</string>
    </entry>
    <entry>
      <string>appointments</string>
      <string>1.2-SNAPSHOT</string>
    </entry>
    <entry>
      <string>idgen</string>
      <string>4.4.1</string>
    </entry>
    <entry>
      <string>auditlog</string>
      <string>1.1-SNAPSHOT</string>
    </entry>
    <entry>
      <string>bahmnicore</string>
      <string>0.93-SNAPSHOT</string>
    </entry>
    <entry>
      <string>uilibrary</string>
      <string>2.0.5</string>
    </entry>
    <entry>
      <string>initializer</string>
      <string>2.0.0</string>
    </entry>
    <entry>
      <string>appframework</string>
      <string>2.10.0</string>
    </entry>
    <entry>
      <string>webservices.rest</string>
      <string>2.24.0.573609</string>
    </entry>
    <entry>
      <string>openmrs-atomfeed</string>
      <string>2.5.6</string>
    </entry>
    <entry>
      <string>owa</string>
      <string>1.9.0</string>
    </entry>
    <entry>
      <string>metadatamapping</string>
      <string>1.3.1</string>
    </entry>
    <entry>
      <string>bahmni.ie.apps</string>
      <string>1.0.0</string>
    </entry>
    <entry>
      <string>serialization.xstream</string>
      <string>0.2.12</string>
    </entry>
  </modules>
  <items class="linked-hash-set" id="4">
    <org.openmrs.module.metadatasharing.Item id="5" uuid="4be5a558-03f0-4603-a34c-99589b3b7b18">
      <id>15</id>
      <classname>org.openmrs.VisitType</classname>
      <dateChanged id="6">2020-08-19 11:07:06</dateChanged>
      <retired>false</retired>
    </org.openmrs.module.metadatasharing.Item>
    <org.openmrs.module.metadatasharing.Item id="7" uuid="e77338b2-ef2c-42a9-a393-7ee2c7b075d9">
      <id>13</id>
      <classname>org.openmrs.VisitType</classname>
      <dateChanged id="8">2020-08-19 11:06:28</dateChanged>
      <retired>false</retired>
    </org.openmrs.module.metadatasharing.Item>
    <org.openmrs.module.metadatasharing.Item id="9" uuid="4f88391b-ab43-4fd1-b558-68604a869ee7">
      <id>16</id>
      <classname>org.openmrs.VisitType</classname>
      <dateChanged id="10">2020-08-19 11:07:23</dateChanged>
      <retired>false</retired>
    </org.openmrs.module.metadatasharing.Item>
    <org.openmrs.module.metadatasharing.Item id="11" uuid="c86a1bb8-6374-4890-87d3-6e4d614f104a">
      <id>17</id>
      <classname>org.openmrs.VisitType</classname>
      <dateChanged id="12">2020-08-19 11:07:44</dateChanged>
      <retired>false</retired>
    </org.openmrs.module.metadatasharing.Item>
  </items>
  <relatedItems class="linked-hash-set" id="13"/>
</package>
