<?xml version="1.0" encoding="UTF-8"?>
<list id="1">
  <org.openmrs.VisitType id="2" uuid="4be5a558-03f0-4603-a34c-99589b3b7b18">
    <name>Vaccination infantile</name>
    <description>Vaccination infantile visit type</description>
    <creator/>
    <dateCreated id="3">2020-08-19 11:07:06</dateCreated>
    <retired>false</retired>
    <visitTypeId>15</visitTypeId>
  </org.openmrs.VisitType>
  <org.openmrs.VisitType id="4" uuid="e77338b2-ef2c-42a9-a393-7ee2c7b075d9">
    <name>Prénatal</name>
    <description>Prénatal Visit</description>
    <creator/>
    <dateCreated id="5">2020-08-19 11:06:28</dateCreated>
    <retired>false</retired>
    <visitTypeId>13</visitTypeId>
  </org.openmrs.VisitType>
  <org.openmrs.VisitType id="6" uuid="4f88391b-ab43-4fd1-b558-68604a869ee7">
    <name>Malnutrition</name>
    <description>Malnutrition visit type</description>
    <creator/>
    <dateCreated id="7">2020-08-19 11:07:23</dateCreated>
    <retired>false</retired>
    <visitTypeId>16</visitTypeId>
  </org.openmrs.VisitType>
  <org.openmrs.VisitType id="8" uuid="c86a1bb8-6374-4890-87d3-6e4d614f104a">
    <name>Général</name>
    <description>Général visit type</description>
    <creator/>
    <dateCreated id="9">2020-08-19 11:07:44</dateCreated>
    <retired>false</retired>
    <visitTypeId>17</visitTypeId>
  </org.openmrs.VisitType>
</list>
