<?xml version="1.0" encoding="UTF-8"?>
<list id="1">
  <org.openmrs.VisitType id="2" uuid="7b015392-c600-457f-bef5-65706bc8157a">
    <name>Legacy Visit</name>
    <description>Visit Type used to import legacy data</description>
    <creator/>
    <dateCreated id="3">2020-04-08 16:59:13</dateCreated>
    <changedBy/>
    <dateChanged id="4">2020-04-08 16:59:42</dateChanged>
    <retired>true</retired>
    <dateRetired id="15">2020-04-08 16:59:42</dateRetired>
    <retiredBy/>
    <retireReason>Not used</retireReason>
    <visitTypeId>12</visitTypeId>
  </org.openmrs.VisitType>
</list>
